Time	Score	Hips	Spine		Neck		LeftUpperArm	LeftLowerArm	LeftHand				RightUpperArm	RightLowerArm	RightHand				LeftUpperLeg	LeftLowerLeg	LeftFoot		RightUpperLeg	RightLowerLeg	RightFoot		LeftShoulder	RightShoulder	Upper Lip Raiser	Jaw Lowerer	Lip Stretcher L	Lip Stretcher R	Brow Lowerer L	Brow Lowerer R	Lip Corner Depressor L	Lip Corner Depressor R	Eyelid Closed L	Eyelid Closed R	
00:00:00.0181597	632	(0.0, 1.0, 0.0)	(0.0, 1.1, 0.0)		(0.0, 1.5, 0.0)		(-0.2, 1.4, -0.1)	(-0.5, 1.4, -0.1)	(-0.7, 1.4, -0.1)				(0.2, 1.4, -0.1)	(0.5, 1.4, -0.1)	(0.7, 1.4, -0.1)				(-0.1, 0.9, 0.0)	(-0.1, 0.5, 0.0)	(-0.1, 0.1, 0.0)		(0.1, 0.9, 0.0)	(0.1, 0.5, 0.0)	(0.1, 0.1, 0.0)		(-0.1, 1.4, 0.0)	(0.1, 1.4, 0.0)	FACE NOT BEING TRACKED.
00:00:00.0382765	1247	(0.0, 1.0, 0.0)	(0.0, 1.1, 0.0)		(0.0, 1.5, 0.0)		(-0.2, 1.4, -0.1)	(-0.5, 1.4, -0.1)	(-0.7, 1.4, -0.1)				(0.2, 1.4, -0.1)	(0.5, 1.4, -0.1)	(0.7, 1.4, -0.1)				(-0.1, 0.9, 0.0)	(-0.1, 0.5, 0.0)	(-0.1, 0.1, 0.0)		(0.1, 0.9, 0.0)	(0.1, 0.5, 0.0)	(0.1, 0.1, 0.0)		(-0.1, 1.4, 0.0)	(0.1, 1.4, 0.0)	FACE NOT BEING TRACKED.
00:00:00.0782901	2497	(0.0, 1.0, 0.0)	(0.0, 1.1, 0.0)		(0.0, 1.5, 0.0)		(-0.2, 1.4, -0.1)	(-0.5, 1.4, -0.1)	(-0.7, 1.4, -0.1)				(0.2, 1.4, -0.1)	(0.5, 1.4, -0.1)	(0.7, 1.4, -0.1)				(-0.1, 0.9, 0.0)	(-0.1, 0.5, 0.0)	(-0.1, 0.1, 0.0)		(0.1, 0.9, 0.0)	(0.1, 0.5, 0.0)	(0.1, 0.1, 0.0)		(-0.1, 1.4, 0.0)	(0.1, 1.4, 0.0)	FACE NOT BEING TRACKED.
00:00:00.1180495	3748	(0.0, 1.0, 0.0)	(0.0, 1.1, 0.0)		(0.0, 1.5, 0.0)		(-0.2, 1.4, -0.1)	(-0.5, 1.4, -0.1)	(-0.7, 1.4, -0.1)				(0.2, 1.4, -0.1)	(0.5, 1.4, -0.1)	(0.7, 1.4, -0.1)				(-0.1, 0.9, 0.0)	(-0.1, 0.5, 0.0)	(-0.1, 0.1, 0.0)		(0.1, 0.9, 0.0)	(0.1, 0.5, 0.0)	(0.1, 0.1, 0.0)		(-0.1, 1.4, 0.0)	(0.1, 1.4, 0.0)	FACE NOT BEING TRACKED.
00:00:00.1375504	4373	(0.0, 1.0, 0.0)	(0.0, 1.1, 0.0)		(0.0, 1.5, 0.0)		(-0.2, 1.4, -0.1)	(-0.5, 1.4, -0.1)	(-0.7, 1.4, -0.1)				(0.2, 1.4, -0.1)	(0.5, 1.4, -0.1)	(0.7, 1.4, -0.1)				(-0.1, 0.9, 0.0)	(-0.1, 0.5, 0.0)	(-0.1, 0.1, 0.0)		(0.1, 0.9, 0.0)	(0.1, 0.5, 0.0)	(0.1, 0.1, 0.0)		(-0.1, 1.4, 0.0)	(0.1, 1.4, 0.0)	FACE NOT BEING TRACKED.
00:00:00.2034875	4998	(0.0, 1.0, 0.0)	(0.0, 1.1, 0.0)		(0.0, 1.5, 0.0)		(-0.2, 1.4, -0.1)	(-0.5, 1.4, -0.1)	(-0.7, 1.4, -0.1)				(0.2, 1.4, -0.1)	(0.5, 1.4, -0.1)	(0.7, 1.4, -0.1)				(-0.1, 0.9, 0.0)	(-0.1, 0.5, 0.0)	(-0.1, 0.1, 0.0)		(0.1, 0.9, 0.0)	(0.1, 0.5, 0.0)	(0.1, 0.1, 0.0)		(-0.1, 1.4, 0.0)	(0.1, 1.4, 0.0)	FACE NOT BEING TRACKED.
00:00:00.2044909	4998	(0.0, 1.0, 0.0)	(0.0, 1.1, 0.0)		(0.0, 1.5, 0.0)		(-0.2, 1.4, -0.1)	(-0.5, 1.4, -0.1)	(-0.7, 1.4, -0.1)				(0.2, 1.4, -0.1)	(0.5, 1.4, -0.1)	(0.7, 1.4, -0.1)				(-0.1, 0.9, 0.0)	(-0.1, 0.5, 0.0)	(-0.1, 0.1, 0.0)		(0.1, 0.9, 0.0)	(0.1, 0.5, 0.0)	(0.1, 0.1, 0.0)		(-0.1, 1.4, 0.0)	(0.1, 1.4, 0.0)	FACE NOT BEING TRACKED.
00:00:00.2435799	7693	(0.0, 1.0, 0.0)	(0.0, 1.1, 0.0)		(0.0, 1.5, 0.0)		(-0.2, 1.4, -0.1)	(-0.5, 1.4, -0.1)	(-0.7, 1.4, -0.1)				(0.2, 1.4, -0.1)	(0.5, 1.4, -0.1)	(0.7, 1.4, -0.1)				(-0.1, 0.9, 0.0)	(-0.1, 0.5, 0.0)	(-0.1, 0.1, 0.0)		(0.1, 0.9, 0.0)	(0.1, 0.5, 0.0)	(0.1, 0.1, 0.0)		(-0.1, 1.4, 0.0)	(0.1, 1.4, 0.0)	FACE NOT BEING TRACKED.
00:00:00.2828655	8946	(0.0, 1.0, 0.0)	(0.0, 1.1, 0.0)		(0.0, 1.5, 0.0)		(-0.2, 1.4, -0.1)	(-0.5, 1.4, -0.1)	(-0.7, 1.4, -0.1)				(0.2, 1.4, -0.1)	(0.5, 1.4, -0.1)	(0.7, 1.4, -0.1)				(-0.1, 0.9, 0.0)	(-0.1, 0.5, 0.0)	(-0.1, 0.1, 0.0)		(0.1, 0.9, 0.0)	(0.1, 0.5, 0.0)	(0.1, 0.1, 0.0)		(-0.1, 1.4, 0.0)	(0.1, 1.4, 0.0)	FACE NOT BEING TRACKED.
00:00:00.3029310	9569	(0.0, 1.0, 0.0)	(0.0, 1.1, 0.0)		(0.0, 1.5, 0.0)		(-0.2, 1.4, -0.1)	(-0.5, 1.4, -0.1)	(-0.7, 1.4, -0.1)				(0.2, 1.4, -0.1)	(0.5, 1.4, -0.1)	(0.7, 1.4, -0.1)				(-0.1, 0.9, 0.0)	(-0.1, 0.5, 0.0)	(-0.1, 0.1, 0.0)		(0.1, 0.9, 0.0)	(0.1, 0.5, 0.0)	(0.1, 0.1, 0.0)		(-0.1, 1.4, 0.0)	(0.1, 1.4, 0.0)	FACE NOT BEING TRACKED.
00:00:00.3430808	7382	(0.0, 1.0, 0.0)	(0.0, 1.1, 0.0)		(0.0, 1.5, 0.0)		(-0.2, 1.4, -0.1)	(-0.5, 1.4, -0.1)	(-0.7, 1.4, -0.1)				(0.2, 1.4, -0.1)	(0.5, 1.4, -0.1)	(0.7, 1.4, -0.1)				(-0.1, 0.9, 0.0)	(-0.1, 0.5, 0.0)	(-0.1, 0.1, 0.0)		(0.1, 0.9, 0.0)	(0.1, 0.5, 0.0)	(0.1, 0.1, 0.0)		(-0.1, 1.4, 0.0)	(0.1, 1.4, 0.0)	FACE NOT BEING TRACKED.
00:00:00.3826313	8616	(0.0, 1.0, 0.0)	(0.0, 1.1, 0.0)		(0.0, 1.5, 0.0)		(-0.2, 1.4, -0.1)	(-0.5, 1.4, -0.1)	(-0.7, 1.4, -0.1)				(0.2, 1.4, -0.1)	(0.5, 1.4, -0.1)	(0.7, 1.4, -0.1)				(-0.1, 0.9, 0.0)	(-0.1, 0.5, 0.0)	(-0.1, 0.1, 0.0)		(0.1, 0.9, 0.0)	(0.1, 0.5, 0.0)	(0.1, 0.1, 0.0)		(-0.1, 1.4, 0.0)	(0.1, 1.4, 0.0)	FACE NOT BEING TRACKED.
00:00:00.4024130	9238	(0.0, 1.0, 0.0)	(0.0, 1.1, 0.0)		(0.0, 1.5, 0.0)		(-0.2, 1.4, -0.1)	(-0.5, 1.4, -0.1)	(-0.7, 1.4, -0.1)				(0.2, 1.4, -0.1)	(0.5, 1.4, -0.1)	(0.7, 1.4, -0.1)				(-0.1, 0.9, 0.0)	(-0.1, 0.5, 0.0)	(-0.1, 0.1, 0.0)		(0.1, 0.9, 0.0)	(0.1, 0.5, 0.0)	(0.1, 0.1, 0.0)		(-0.1, 1.4, 0.0)	(0.1, 1.4, 0.0)	FACE NOT BEING TRACKED.
00:00:00.4422973	10489	(0.0, 1.0, 0.0)	(0.0, 1.1, 0.0)		(0.0, 1.5, 0.0)		(-0.2, 1.4, -0.1)	(-0.5, 1.4, -0.1)	(-0.7, 1.4, -0.1)				(0.2, 1.4, -0.1)	(0.5, 1.4, -0.1)	(0.7, 1.4, -0.1)				(-0.1, 0.9, 0.0)	(-0.1, 0.5, 0.0)	(-0.1, 0.1, 0.0)		(0.1, 0.9, 0.0)	(0.1, 0.5, 0.0)	(0.1, 0.1, 0.0)		(-0.1, 1.4, 0.0)	(0.1, 1.4, 0.0)	FACE NOT BEING TRACKED.
00:00:00.4824717	11757	(0.0, 1.0, 0.0)	(0.0, 1.1, 0.0)		(0.0, 1.5, 0.0)		(-0.2, 1.4, -0.1)	(-0.5, 1.4, -0.1)	(-0.7, 1.4, -0.1)				(0.2, 1.4, -0.1)	(0.5, 1.4, -0.1)	(0.7, 1.4, -0.1)				(-0.1, 0.9, 0.0)	(-0.1, 0.5, 0.0)	(-0.1, 0.1, 0.0)		(0.1, 0.9, 0.0)	(0.1, 0.5, 0.0)	(0.1, 0.1, 0.0)		(-0.1, 1.4, 0.0)	(0.1, 1.4, 0.0)	FACE NOT BEING TRACKED.
00:00:00.5027540	12364	(0.0, 1.0, 0.0)	(0.0, 1.1, 0.0)		(0.0, 1.5, 0.0)		(-0.2, 1.4, -0.1)	(-0.5, 1.4, -0.1)	(-0.7, 1.4, -0.1)				(0.2, 1.4, -0.1)	(0.5, 1.4, -0.1)	(0.7, 1.4, -0.1)				(-0.1, 0.9, 0.0)	(-0.1, 0.5, 0.0)	(-0.1, 0.1, 0.0)		(0.1, 0.9, 0.0)	(0.1, 0.5, 0.0)	(0.1, 0.1, 0.0)		(-0.1, 1.4, 0.0)	(0.1, 1.4, 0.0)	FACE NOT BEING TRACKED.
00:00:00.5421451	8588	(0.0, 1.0, 0.0)	(0.0, 1.1, 0.0)		(0.0, 1.5, 0.0)		(-0.2, 1.4, -0.1)	(-0.5, 1.4, -0.1)	(-0.7, 1.4, -0.1)				(0.2, 1.4, -0.1)	(0.5, 1.4, -0.1)	(0.7, 1.4, -0.1)				(-0.1, 0.9, 0.0)	(-0.1, 0.5, 0.0)	(-0.1, 0.1, 0.0)		(0.1, 0.9, 0.0)	(0.1, 0.5, 0.0)	(0.1, 0.1, 0.0)		(-0.1, 1.4, 0.0)	(0.1, 1.4, 0.0)	FACE NOT BEING TRACKED.
00:00:00.5828627	9838	(0.0, 1.0, 0.0)	(0.0, 1.1, 0.0)		(0.0, 1.5, 0.0)		(-0.2, 1.4, -0.1)	(-0.5, 1.4, -0.1)	(-0.7, 1.4, -0.1)				(0.2, 1.4, -0.1)	(0.5, 1.4, -0.1)	(0.7, 1.4, -0.1)				(-0.1, 0.9, 0.0)	(-0.1, 0.5, 0.0)	(-0.1, 0.1, 0.0)		(0.1, 0.9, 0.0)	(0.1, 0.5, 0.0)	(0.1, 0.1, 0.0)		(-0.1, 1.4, 0.0)	(0.1, 1.4, 0.0)	FACE NOT BEING TRACKED.
00:00:00.6018969	10490	(0.0, 1.0, 0.0)	(0.0, 1.1, 0.0)		(0.0, 1.5, 0.0)		(-0.2, 1.4, -0.1)	(-0.5, 1.4, -0.1)	(-0.7, 1.4, -0.1)				(0.2, 1.4, -0.1)	(0.5, 1.4, -0.1)	(0.7, 1.4, -0.1)				(-0.1, 0.9, 0.0)	(-0.1, 0.5, 0.0)	(-0.1, 0.1, 0.0)		(0.1, 0.9, 0.0)	(0.1, 0.5, 0.0)	(0.1, 0.1, 0.0)		(-0.1, 1.4, 0.0)	(0.1, 1.4, 0.0)	FACE NOT BEING TRACKED.
00:00:00.6417988	11724	(0.0, 1.0, 0.0)	(0.0, 1.1, 0.0)		(0.0, 1.5, 0.0)		(-0.2, 1.4, -0.1)	(-0.5, 1.4, -0.1)	(-0.7, 1.4, -0.1)				(0.2, 1.4, -0.1)	(0.5, 1.4, -0.1)	(0.7, 1.4, -0.1)				(-0.1, 0.9, 0.0)	(-0.1, 0.5, 0.0)	(-0.1, 0.1, 0.0)		(0.1, 0.9, 0.0)	(0.1, 0.5, 0.0)	(0.1, 0.1, 0.0)		(-0.1, 1.4, 0.0)	(0.1, 1.4, 0.0)	FACE NOT BEING TRACKED.
00:00:00.6812285	12990	(0.0, 1.0, 0.0)	(0.0, 1.1, 0.0)		(0.0, 1.5, 0.0)		(-0.2, 1.4, -0.1)	(-0.5, 1.4, -0.1)	(-0.7, 1.4, -0.1)				(0.2, 1.4, -0.1)	(0.5, 1.4, -0.1)	(0.7, 1.4, -0.1)				(-0.1, 0.9, 0.0)	(-0.1, 0.5, 0.0)	(-0.1, 0.1, 0.0)		(0.1, 0.9, 0.0)	(0.1, 0.5, 0.0)	(0.1, 0.1, 0.0)		(-0.1, 1.4, 0.0)	(0.1, 1.4, 0.0)	FACE NOT BEING TRACKED.
00:00:00.7221280	14219	(0.0, 1.0, 0.0)	(0.0, 1.1, 0.0)		(0.0, 1.5, 0.0)		(-0.2, 1.4, -0.1)	(-0.5, 1.4, -0.1)	(-0.7, 1.4, -0.1)				(0.2, 1.4, -0.1)	(0.5, 1.4, -0.1)	(0.7, 1.4, -0.1)				(-0.1, 0.9, 0.0)	(-0.1, 0.5, 0.0)	(-0.1, 0.1, 0.0)		(0.1, 0.9, 0.0)	(0.1, 0.5, 0.0)	(0.1, 0.1, 0.0)		(-0.1, 1.4, 0.0)	(0.1, 1.4, 0.0)	FACE NOT BEING TRACKED.
00:00:00.7409692	14865	(0.0, 1.0, 0.0)	(0.0, 1.1, 0.0)		(0.0, 1.5, 0.0)		(-0.2, 1.4, -0.1)	(-0.5, 1.4, -0.1)	(-0.7, 1.4, -0.1)				(0.2, 1.4, -0.1)	(0.5, 1.4, -0.1)	(0.7, 1.4, -0.1)				(-0.1, 0.9, 0.0)	(-0.1, 0.5, 0.0)	(-0.1, 0.1, 0.0)		(0.1, 0.9, 0.0)	(0.1, 0.5, 0.0)	(0.1, 0.1, 0.0)		(-0.1, 1.4, 0.0)	(0.1, 1.4, 0.0)	FACE NOT BEING TRACKED.
00:00:00.7812500	16090	(0.0, 1.0, 0.0)	(0.0, 1.1, 0.0)		(0.0, 1.5, 0.0)		(-0.2, 1.4, -0.1)	(-0.5, 1.4, -0.1)	(-0.7, 1.4, -0.1)				(0.2, 1.4, -0.1)	(0.5, 1.4, -0.1)	(0.7, 1.4, -0.1)				(-0.1, 0.9, 0.0)	(-0.1, 0.5, 0.0)	(-0.1, 0.1, 0.0)		(0.1, 0.9, 0.0)	(0.1, 0.5, 0.0)	(0.1, 0.1, 0.0)		(-0.1, 1.4, 0.0)	(0.1, 1.4, 0.0)	FACE NOT BEING TRACKED.
00:00:00.8210402	17340	(0.0, 1.0, 0.0)	(0.0, 1.1, 0.0)		(0.0, 1.5, 0.0)		(-0.2, 1.4, -0.1)	(-0.5, 1.4, -0.1)	(-0.7, 1.4, -0.1)				(0.2, 1.4, -0.1)	(0.5, 1.4, -0.1)	(0.7, 1.4, -0.1)				(-0.1, 0.9, 0.0)	(-0.1, 0.5, 0.0)	(-0.1, 0.1, 0.0)		(0.1, 0.9, 0.0)	(0.1, 0.5, 0.0)	(0.1, 0.1, 0.0)		(-0.1, 1.4, 0.0)	(0.1, 1.4, 0.0)	FACE NOT BEING TRACKED.
00:00:00.8400916	17973	(0.0, 1.0, 0.0)	(0.0, 1.1, 0.0)		(0.0, 1.5, 0.0)		(-0.2, 1.4, -0.1)	(-0.5, 1.4, -0.1)	(-0.7, 1.4, -0.1)				(0.2, 1.4, -0.1)	(0.5, 1.4, -0.1)	(0.7, 1.4, -0.1)				(-0.1, 0.9, 0.0)	(-0.1, 0.5, 0.0)	(-0.1, 0.1, 0.0)		(0.1, 0.9, 0.0)	(0.1, 0.5, 0.0)	(0.1, 0.1, 0.0)		(-0.1, 1.4, 0.0)	(0.1, 1.4, 0.0)	FACE NOT BEING TRACKED.
00:00:00.8812305	19216	(0.0, 1.0, 0.0)	(0.0, 1.1, 0.0)		(0.0, 1.5, 0.0)		(-0.2, 1.4, -0.1)	(-0.5, 1.4, -0.1)	(-0.7, 1.4, -0.1)				(0.2, 1.4, -0.1)	(0.5, 1.4, -0.1)	(0.7, 1.4, -0.1)				(-0.1, 0.9, 0.0)	(-0.1, 0.5, 0.0)	(-0.1, 0.1, 0.0)		(0.1, 0.9, 0.0)	(0.1, 0.5, 0.0)	(0.1, 0.1, 0.0)		(-0.1, 1.4, 0.0)	(0.1, 1.4, 0.0)	FACE NOT BEING TRACKED.
00:00:00.9205990	20466	(0.0, 1.0, 0.0)	(0.0, 1.1, 0.0)		(0.0, 1.5, 0.0)		(-0.2, 1.4, -0.1)	(-0.5, 1.4, -0.1)	(-0.7, 1.4, -0.1)				(0.2, 1.4, -0.1)	(0.5, 1.4, -0.1)	(0.7, 1.4, -0.1)				(-0.1, 0.9, 0.0)	(-0.1, 0.5, 0.0)	(-0.1, 0.1, 0.0)		(0.1, 0.9, 0.0)	(0.1, 0.5, 0.0)	(0.1, 0.1, 0.0)		(-0.1, 1.4, 0.0)	(0.1, 1.4, 0.0)	FACE NOT BEING TRACKED.
00:00:00.9405422	21101	(0.0, 1.0, 0.0)	(0.0, 1.1, 0.0)		(0.0, 1.5, 0.0)		(-0.2, 1.4, -0.1)	(-0.5, 1.4, -0.1)	(-0.7, 1.4, -0.1)				(0.2, 1.4, -0.1)	(0.5, 1.4, -0.1)	(0.7, 1.4, -0.1)				(-0.1, 0.9, 0.0)	(-0.1, 0.5, 0.0)	(-0.1, 0.1, 0.0)		(0.1, 0.9, 0.0)	(0.1, 0.5, 0.0)	(0.1, 0.1, 0.0)		(-0.1, 1.4, 0.0)	(0.1, 1.4, 0.0)	FACE NOT BEING TRACKED.
00:00:00.9805627	22342	(0.0, 1.0, 0.0)	(0.0, 1.1, 0.0)		(0.0, 1.5, 0.0)		(-0.2, 1.4, -0.1)	(-0.5, 1.4, -0.1)	(-0.7, 1.4, -0.1)				(0.2, 1.4, -0.1)	(0.5, 1.4, -0.1)	(0.7, 1.4, -0.1)				(-0.1, 0.9, 0.0)	(-0.1, 0.5, 0.0)	(-0.1, 0.1, 0.0)		(0.1, 0.9, 0.0)	(0.1, 0.5, 0.0)	(0.1, 0.1, 0.0)		(-0.1, 1.4, 0.0)	(0.1, 1.4, 0.0)	FACE NOT BEING TRACKED.
00:00:01.0196365	23614	(0.0, 1.0, 0.0)	(0.0, 1.1, 0.0)		(0.0, 1.5, 0.0)		(-0.2, 1.4, -0.1)	(-0.5, 1.4, -0.1)	(-0.7, 1.4, -0.1)				(0.2, 1.4, -0.1)	(0.5, 1.4, -0.1)	(0.7, 1.4, -0.1)				(-0.1, 0.9, 0.0)	(-0.1, 0.5, 0.0)	(-0.1, 0.1, 0.0)		(0.1, 0.9, 0.0)	(0.1, 0.5, 0.0)	(0.1, 0.1, 0.0)		(-0.1, 1.4, 0.0)	(0.1, 1.4, 0.0)	FACE NOT BEING TRACKED.
00:00:01.0397126	24217	(0.0, 1.0, 0.0)	(0.0, 1.1, 0.0)		(0.0, 1.5, 0.0)		(-0.2, 1.4, -0.1)	(-0.5, 1.4, -0.1)	(-0.7, 1.4, -0.1)				(0.2, 1.4, -0.1)	(0.5, 1.4, -0.1)	(0.7, 1.4, -0.1)				(-0.1, 0.9, 0.0)	(-0.1, 0.5, 0.0)	(-0.1, 0.1, 0.0)		(0.1, 0.9, 0.0)	(0.1, 0.5, 0.0)	(0.1, 0.1, 0.0)		(-0.1, 1.4, 0.0)	(0.1, 1.4, 0.0)	FACE NOT BEING TRACKED.
00:00:01.0791013	25499	(0.0, 1.0, 0.0)	(0.0, 1.1, 0.0)		(0.0, 1.5, 0.0)		(-0.2, 1.4, -0.1)	(-0.5, 1.4, -0.1)	(-0.7, 1.4, -0.1)				(0.2, 1.4, -0.1)	(0.5, 1.4, -0.1)	(0.7, 1.4, -0.1)				(-0.1, 0.9, 0.0)	(-0.1, 0.5, 0.0)	(-0.1, 0.1, 0.0)		(0.1, 0.9, 0.0)	(0.1, 0.5, 0.0)	(0.1, 0.1, 0.0)		(-0.1, 1.4, 0.0)	(0.1, 1.4, 0.0)	FACE NOT BEING TRACKED.
00:00:01.1194314	26718	(0.0, 1.0, 0.0)	(0.0, 1.1, 0.0)		(0.0, 1.5, 0.0)		(-0.2, 1.4, -0.1)	(-0.5, 1.4, -0.1)	(-0.7, 1.4, -0.1)				(0.2, 1.4, -0.1)	(0.5, 1.4, -0.1)	(0.7, 1.4, -0.1)				(-0.1, 0.9, 0.0)	(-0.1, 0.5, 0.0)	(-0.1, 0.1, 0.0)		(0.1, 0.9, 0.0)	(0.1, 0.5, 0.0)	(0.1, 0.1, 0.0)		(-0.1, 1.4, 0.0)	(0.1, 1.4, 0.0)	FACE NOT BEING TRACKED.
00:00:01.1397555	27343	(0.0, 1.0, 0.0)	(0.0, 1.1, 0.0)		(0.0, 1.5, 0.0)		(-0.2, 1.4, -0.1)	(-0.5, 1.4, -0.1)	(-0.7, 1.4, -0.1)				(0.2, 1.4, -0.1)	(0.5, 1.4, -0.1)	(0.7, 1.4, -0.1)				(-0.1, 0.9, 0.0)	(-0.1, 0.5, 0.0)	(-0.1, 0.1, 0.0)		(0.1, 0.9, 0.0)	(0.1, 0.5, 0.0)	(0.1, 0.1, 0.0)		(-0.1, 1.4, 0.0)	(0.1, 1.4, 0.0)	FACE NOT BEING TRACKED.
00:00:01.1791158	28618	(0.0, 1.0, 0.0)	(0.0, 1.1, 0.0)		(0.0, 1.5, 0.0)		(-0.2, 1.4, -0.1)	(-0.5, 1.4, -0.1)	(-0.7, 1.4, -0.1)				(0.2, 1.4, -0.1)	(0.5, 1.4, -0.1)	(0.7, 1.4, -0.1)				(-0.1, 0.9, 0.0)	(-0.1, 0.5, 0.0)	(-0.1, 0.1, 0.0)		(0.1, 0.9, 0.0)	(0.1, 0.5, 0.0)	(0.1, 0.1, 0.0)		(-0.1, 1.4, 0.0)	(0.1, 1.4, 0.0)	FACE NOT BEING TRACKED.
00:00:01.2184729	29844	(0.0, 1.0, 0.0)	(0.0, 1.1, 0.0)		(0.0, 1.5, 0.0)		(-0.2, 1.4, -0.1)	(-0.5, 1.4, -0.1)	(-0.7, 1.4, -0.1)				(0.2, 1.4, -0.1)	(0.5, 1.4, -0.1)	(0.7, 1.4, -0.1)				(-0.1, 0.9, 0.0)	(-0.1, 0.5, 0.0)	(-0.1, 0.1, 0.0)		(0.1, 0.9, 0.0)	(0.1, 0.5, 0.0)	(0.1, 0.1, 0.0)		(-0.1, 1.4, 0.0)	(0.1, 1.4, 0.0)	FACE NOT BEING TRACKED.
00:00:01.2385655	30469	(0.0, 1.0, 0.0)	(0.0, 1.1, 0.0)		(0.0, 1.5, 0.0)		(-0.2, 1.4, -0.1)	(-0.5, 1.4, -0.1)	(-0.7, 1.4, -0.1)				(0.2, 1.4, -0.1)	(0.5, 1.4, -0.1)	(0.7, 1.4, -0.1)				(-0.1, 0.9, 0.0)	(-0.1, 0.5, 0.0)	(-0.1, 0.1, 0.0)		(0.1, 0.9, 0.0)	(0.1, 0.5, 0.0)	(0.1, 0.1, 0.0)		(-0.1, 1.4, 0.0)	(0.1, 1.4, 0.0)	FACE NOT BEING TRACKED.
00:00:01.2781258	31719	(0.0, 1.0, 0.0)	(0.0, 1.1, 0.0)		(0.0, 1.5, 0.0)		(-0.2, 1.4, -0.1)	(-0.5, 1.4, -0.1)	(-0.7, 1.4, -0.1)				(0.2, 1.4, -0.1)	(0.5, 1.4, -0.1)	(0.7, 1.4, -0.1)				(-0.1, 0.9, 0.0)	(-0.1, 0.5, 0.0)	(-0.1, 0.1, 0.0)		(0.1, 0.9, 0.0)	(0.1, 0.5, 0.0)	(0.1, 0.1, 0.0)		(-0.1, 1.4, 0.0)	(0.1, 1.4, 0.0)	FACE NOT BEING TRACKED.
00:00:01.3184677	32973	(0.0, 1.0, 0.0)	(0.0, 1.1, 0.0)		(0.0, 1.5, 0.0)		(-0.2, 1.4, -0.1)	(-0.5, 1.4, -0.1)	(-0.7, 1.4, -0.1)				(0.2, 1.4, -0.1)	(0.5, 1.4, -0.1)	(0.7, 1.4, -0.1)				(-0.1, 0.9, 0.0)	(-0.1, 0.5, 0.0)	(-0.1, 0.1, 0.0)		(0.1, 0.9, 0.0)	(0.1, 0.5, 0.0)	(0.1, 0.1, 0.0)		(-0.1, 1.4, 0.0)	(0.1, 1.4, 0.0)	FACE NOT BEING TRACKED.
00:00:01.3377675	33600	(0.0, 1.0, 0.0)	(0.0, 1.1, 0.0)		(0.0, 1.5, 0.0)		(-0.2, 1.4, -0.1)	(-0.5, 1.4, -0.1)	(-0.7, 1.4, -0.1)				(0.2, 1.4, -0.1)	(0.5, 1.4, -0.1)	(0.7, 1.4, -0.1)				(-0.1, 0.9, 0.0)	(-0.1, 0.5, 0.0)	(-0.1, 0.1, 0.0)		(0.1, 0.9, 0.0)	(0.1, 0.5, 0.0)	(0.1, 0.1, 0.0)		(-0.1, 1.4, 0.0)	(0.1, 1.4, 0.0)	FACE NOT BEING TRACKED.
00:00:01.3779379	34845	(0.0, 1.0, 0.0)	(0.0, 1.1, 0.0)		(0.0, 1.5, 0.0)		(-0.2, 1.4, -0.1)	(-0.5, 1.4, -0.1)	(-0.7, 1.4, -0.1)				(0.2, 1.4, -0.1)	(0.5, 1.4, -0.1)	(0.7, 1.4, -0.1)				(-0.1, 0.9, 0.0)	(-0.1, 0.5, 0.0)	(-0.1, 0.1, 0.0)		(0.1, 0.9, 0.0)	(0.1, 0.5, 0.0)	(0.1, 0.1, 0.0)		(-0.1, 1.4, 0.0)	(0.1, 1.4, 0.0)	FACE NOT BEING TRACKED.
00:00:01.4185401	36098	(0.0, 1.0, 0.0)	(0.0, 1.1, 0.0)		(0.0, 1.5, 0.0)		(-0.2, 1.4, -0.1)	(-0.5, 1.4, -0.1)	(-0.7, 1.4, -0.1)				(0.2, 1.4, -0.1)	(0.5, 1.4, -0.1)	(0.7, 1.4, -0.1)				(-0.1, 0.9, 0.0)	(-0.1, 0.5, 0.0)	(-0.1, 0.1, 0.0)		(0.1, 0.9, 0.0)	(0.1, 0.5, 0.0)	(0.1, 0.1, 0.0)		(-0.1, 1.4, 0.0)	(0.1, 1.4, 0.0)	FACE NOT BEING TRACKED.
00:00:01.4377927	36745	(0.0, 1.0, 0.0)	(0.0, 1.1, 0.0)		(0.0, 1.5, 0.0)		(-0.2, 1.4, -0.1)	(-0.5, 1.4, -0.1)	(-0.7, 1.4, -0.1)				(0.2, 1.4, -0.1)	(0.5, 1.4, -0.1)	(0.7, 1.4, -0.1)				(-0.1, 0.9, 0.0)	(-0.1, 0.5, 0.0)	(-0.1, 0.1, 0.0)		(0.1, 0.9, 0.0)	(0.1, 0.5, 0.0)	(0.1, 0.1, 0.0)		(-0.1, 1.4, 0.0)	(0.1, 1.4, 0.0)	FACE NOT BEING TRACKED.
00:00:01.4777307	37988	(0.0, 1.0, 0.0)	(0.0, 1.1, 0.0)		(0.0, 1.5, 0.0)		(-0.2, 1.4, -0.1)	(-0.5, 1.4, -0.1)	(-0.7, 1.4, -0.1)				(0.2, 1.4, -0.1)	(0.5, 1.4, -0.1)	(0.7, 1.4, -0.1)				(-0.1, 0.9, 0.0)	(-0.1, 0.5, 0.0)	(-0.1, 0.1, 0.0)		(0.1, 0.9, 0.0)	(0.1, 0.5, 0.0)	(0.1, 0.1, 0.0)		(-0.1, 1.4, 0.0)	(0.1, 1.4, 0.0)	FACE NOT BEING TRACKED.
00:00:01.5167803	39221	(0.0, 1.0, 0.0)	(0.0, 1.1, 0.0)		(0.0, 1.5, 0.0)		(-0.2, 1.4, -0.1)	(-0.5, 1.4, -0.1)	(-0.7, 1.4, -0.1)				(0.2, 1.4, -0.1)	(0.5, 1.4, -0.1)	(0.7, 1.4, -0.1)				(-0.1, 0.9, 0.0)	(-0.1, 0.5, 0.0)	(-0.1, 0.1, 0.0)		(0.1, 0.9, 0.0)	(0.1, 0.5, 0.0)	(0.1, 0.1, 0.0)		(-0.1, 1.4, 0.0)	(0.1, 1.4, 0.0)	FACE NOT BEING TRACKED.
00:00:01.5369989	39847	(0.0, 1.0, 0.0)	(0.0, 1.1, 0.0)		(0.0, 1.5, 0.0)		(-0.2, 1.4, -0.1)	(-0.5, 1.4, -0.1)	(-0.7, 1.4, -0.1)				(0.2, 1.4, -0.1)	(0.5, 1.4, -0.1)	(0.7, 1.4, -0.1)				(-0.1, 0.9, 0.0)	(-0.1, 0.5, 0.0)	(-0.1, 0.1, 0.0)		(0.1, 0.9, 0.0)	(0.1, 0.5, 0.0)	(0.1, 0.1, 0.0)		(-0.1, 1.4, 0.0)	(0.1, 1.4, 0.0)	FACE NOT BEING TRACKED.
00:00:01.5771085	41097	(0.0, 1.0, 0.0)	(0.0, 1.1, 0.0)		(0.0, 1.5, 0.0)		(-0.2, 1.4, -0.1)	(-0.5, 1.4, -0.1)	(-0.7, 1.4, -0.1)				(0.2, 1.4, -0.1)	(0.5, 1.4, -0.1)	(0.7, 1.4, -0.1)				(-0.1, 0.9, 0.0)	(-0.1, 0.5, 0.0)	(-0.1, 0.1, 0.0)		(0.1, 0.9, 0.0)	(0.1, 0.5, 0.0)	(0.1, 0.1, 0.0)		(-0.1, 1.4, 0.0)	(0.1, 1.4, 0.0)	FACE NOT BEING TRACKED.
00:00:01.6166117	42359	(0.0, 1.0, 0.0)	(0.0, 1.1, 0.0)		(0.0, 1.5, 0.0)		(-0.2, 1.4, -0.1)	(-0.5, 1.4, -0.1)	(-0.7, 1.4, -0.1)				(0.2, 1.4, -0.1)	(0.5, 1.4, -0.1)	(0.7, 1.4, -0.1)				(-0.1, 0.9, 0.0)	(-0.1, 0.5, 0.0)	(-0.1, 0.1, 0.0)		(0.1, 0.9, 0.0)	(0.1, 0.5, 0.0)	(0.1, 0.1, 0.0)		(-0.1, 1.4, 0.0)	(0.1, 1.4, 0.0)	FACE NOT BEING TRACKED.
00:00:01.6361455	42972	(0.0, 1.0, 0.0)	(0.0, 1.1, 0.0)		(0.0, 1.5, 0.0)		(-0.2, 1.4, -0.1)	(-0.5, 1.4, -0.1)	(-0.7, 1.4, -0.1)				(0.2, 1.4, -0.1)	(0.5, 1.4, -0.1)	(0.7, 1.4, -0.1)				(-0.1, 0.9, 0.0)	(-0.1, 0.5, 0.0)	(-0.1, 0.1, 0.0)		(0.1, 0.9, 0.0)	(0.1, 0.5, 0.0)	(0.1, 0.1, 0.0)		(-0.1, 1.4, 0.0)	(0.1, 1.4, 0.0)	FACE NOT BEING TRACKED.
00:00:01.6763972	44223	(0.0, 1.0, 0.0)	(0.0, 1.1, 0.0)		(0.0, 1.5, 0.0)		(-0.2, 1.4, -0.1)	(-0.5, 1.4, -0.1)	(-0.7, 1.4, -0.1)				(0.2, 1.4, -0.1)	(0.5, 1.4, -0.1)	(0.7, 1.4, -0.1)				(-0.1, 0.9, 0.0)	(-0.1, 0.5, 0.0)	(-0.1, 0.1, 0.0)		(0.1, 0.9, 0.0)	(0.1, 0.5, 0.0)	(0.1, 0.1, 0.0)		(-0.1, 1.4, 0.0)	(0.1, 1.4, 0.0)	FACE NOT BEING TRACKED.
00:00:01.7166160	45473	(0.0, 1.0, 0.0)	(0.0, 1.1, 0.0)		(0.0, 1.5, 0.0)		(-0.2, 1.4, -0.1)	(-0.5, 1.4, -0.1)	(-0.7, 1.4, -0.1)				(0.2, 1.4, -0.1)	(0.5, 1.4, -0.1)	(0.7, 1.4, -0.1)				(-0.1, 0.9, 0.0)	(-0.1, 0.5, 0.0)	(-0.1, 0.1, 0.0)		(0.1, 0.9, 0.0)	(0.1, 0.5, 0.0)	(0.1, 0.1, 0.0)		(-0.1, 1.4, 0.0)	(0.1, 1.4, 0.0)	FACE NOT BEING TRACKED.
00:00:01.7356851	46109	(0.0, 1.0, 0.0)	(0.0, 1.1, 0.0)		(0.0, 1.5, 0.0)		(-0.2, 1.4, -0.1)	(-0.5, 1.4, -0.1)	(-0.7, 1.4, -0.1)				(0.2, 1.4, -0.1)	(0.5, 1.4, -0.1)	(0.7, 1.4, -0.1)				(-0.1, 0.9, 0.0)	(-0.1, 0.5, 0.0)	(-0.1, 0.1, 0.0)		(0.1, 0.9, 0.0)	(0.1, 0.5, 0.0)	(0.1, 0.1, 0.0)		(-0.1, 1.4, 0.0)	(0.1, 1.4, 0.0)	FACE NOT BEING TRACKED.
00:00:01.7755828	47349	(0.0, 1.0, 0.0)	(0.0, 1.1, 0.0)		(0.0, 1.5, 0.0)		(-0.2, 1.4, -0.1)	(-0.5, 1.4, -0.1)	(-0.7, 1.4, -0.1)				(0.2, 1.4, -0.1)	(0.5, 1.4, -0.1)	(0.7, 1.4, -0.1)				(-0.1, 0.9, 0.0)	(-0.1, 0.5, 0.0)	(-0.1, 0.1, 0.0)		(0.1, 0.9, 0.0)	(0.1, 0.5, 0.0)	(0.1, 0.1, 0.0)		(-0.1, 1.4, 0.0)	(0.1, 1.4, 0.0)	FACE NOT BEING TRACKED.
00:00:01.8156698	48599	(0.0, 1.0, 0.0)	(0.0, 1.1, 0.0)		(0.0, 1.5, 0.0)		(-0.2, 1.4, -0.1)	(-0.5, 1.4, -0.1)	(-0.7, 1.4, -0.1)				(0.2, 1.4, -0.1)	(0.5, 1.4, -0.1)	(0.7, 1.4, -0.1)				(-0.1, 0.9, 0.0)	(-0.1, 0.5, 0.0)	(-0.1, 0.1, 0.0)		(0.1, 0.9, 0.0)	(0.1, 0.5, 0.0)	(0.1, 0.1, 0.0)		(-0.1, 1.4, 0.0)	(0.1, 1.4, 0.0)	FACE NOT BEING TRACKED.
00:00:01.8357431	49224	(0.0, 1.0, 0.0)	(0.0, 1.1, 0.0)		(0.0, 1.5, 0.0)		(-0.2, 1.4, -0.1)	(-0.5, 1.4, -0.1)	(-0.7, 1.4, -0.1)				(0.2, 1.4, -0.1)	(0.5, 1.4, -0.1)	(0.7, 1.4, -0.1)				(-0.1, 0.9, 0.0)	(-0.1, 0.5, 0.0)	(-0.1, 0.1, 0.0)		(0.1, 0.9, 0.0)	(0.1, 0.5, 0.0)	(0.1, 0.1, 0.0)		(-0.1, 1.4, 0.0)	(0.1, 1.4, 0.0)	FACE NOT BEING TRACKED.
00:00:01.8752463	50481	(0.0, 1.0, 0.0)	(0.0, 1.1, 0.0)		(0.0, 1.5, 0.0)		(-0.2, 1.4, -0.1)	(-0.5, 1.4, -0.1)	(-0.7, 1.4, -0.1)				(0.2, 1.4, -0.1)	(0.5, 1.4, -0.1)	(0.7, 1.4, -0.1)				(-0.1, 0.9, 0.0)	(-0.1, 0.5, 0.0)	(-0.1, 0.1, 0.0)		(0.1, 0.9, 0.0)	(0.1, 0.5, 0.0)	(0.1, 0.1, 0.0)		(-0.1, 1.4, 0.0)	(0.1, 1.4, 0.0)	FACE NOT BEING TRACKED.
00:00:01.9155600	51725	(0.0, 1.0, 0.0)	(0.0, 1.1, 0.0)		(0.0, 1.5, 0.0)		(-0.2, 1.4, -0.1)	(-0.5, 1.4, -0.1)	(-0.7, 1.4, -0.1)				(0.2, 1.4, -0.1)	(0.5, 1.4, -0.1)	(0.7, 1.4, -0.1)				(-0.1, 0.9, 0.0)	(-0.1, 0.5, 0.0)	(-0.1, 0.1, 0.0)		(0.1, 0.9, 0.0)	(0.1, 0.5, 0.0)	(0.1, 0.1, 0.0)		(-0.1, 1.4, 0.0)	(0.1, 1.4, 0.0)	FACE NOT BEING TRACKED.
00:00:01.9357182	52359	(0.0, 1.0, 0.0)	(0.0, 1.1, 0.0)		(0.0, 1.5, 0.0)		(-0.2, 1.4, -0.1)	(-0.5, 1.4, -0.1)	(-0.7, 1.4, -0.1)				(0.2, 1.4, -0.1)	(0.5, 1.4, -0.1)	(0.7, 1.4, -0.1)				(-0.1, 0.9, 0.0)	(-0.1, 0.5, 0.0)	(-0.1, 0.1, 0.0)		(0.1, 0.9, 0.0)	(0.1, 0.5, 0.0)	(0.1, 0.1, 0.0)		(-0.1, 1.4, 0.0)	(0.1, 1.4, 0.0)	FACE NOT BEING TRACKED.
00:00:01.9743072	53600	(0.0, 1.0, 0.0)	(0.0, 1.1, 0.0)		(0.0, 1.5, 0.0)		(-0.2, 1.4, -0.1)	(-0.5, 1.4, -0.1)	(-0.7, 1.4, -0.1)				(0.2, 1.4, -0.1)	(0.5, 1.4, -0.1)	(0.7, 1.4, -0.1)				(-0.1, 0.9, 0.0)	(-0.1, 0.5, 0.0)	(-0.1, 0.1, 0.0)		(0.1, 0.9, 0.0)	(0.1, 0.5, 0.0)	(0.1, 0.1, 0.0)		(-0.1, 1.4, 0.0)	(0.1, 1.4, 0.0)	FACE NOT BEING TRACKED.
00:00:02.0150737	54856	(0.0, 1.0, 0.0)	(0.0, 1.1, 0.0)		(0.0, 1.5, 0.0)		(-0.2, 1.4, -0.1)	(-0.5, 1.4, -0.1)	(-0.7, 1.4, -0.1)				(0.2, 1.4, -0.1)	(0.5, 1.4, -0.1)	(0.7, 1.4, -0.1)				(-0.1, 0.9, 0.0)	(-0.1, 0.5, 0.0)	(-0.1, 0.1, 0.0)		(0.1, 0.9, 0.0)	(0.1, 0.5, 0.0)	(0.1, 0.1, 0.0)		(-0.1, 1.4, 0.0)	(0.1, 1.4, 0.0)	FACE NOT BEING TRACKED.
00:00:02.0550149	56111	(0.0, 1.0, 0.0)	(0.0, 1.1, 0.0)		(0.0, 1.5, 0.0)		(-0.2, 1.4, -0.1)	(-0.5, 1.4, -0.1)	(-0.7, 1.4, -0.1)				(0.2, 1.4, -0.1)	(0.5, 1.4, -0.1)	(0.7, 1.4, -0.1)				(-0.1, 0.9, 0.0)	(-0.1, 0.5, 0.0)	(-0.1, 0.1, 0.0)		(0.1, 0.9, 0.0)	(0.1, 0.5, 0.0)	(0.1, 0.1, 0.0)		(-0.1, 1.4, 0.0)	(0.1, 1.4, 0.0)	FACE NOT BEING TRACKED.
00:00:02.0744683	56739	(0.0, 1.0, 0.0)	(0.0, 1.1, 0.0)		(0.0, 1.5, 0.0)		(-0.2, 1.4, -0.1)	(-0.5, 1.4, -0.1)	(-0.7, 1.4, -0.1)				(0.2, 1.4, -0.1)	(0.5, 1.4, -0.1)	(0.7, 1.4, -0.1)				(-0.1, 0.9, 0.0)	(-0.1, 0.5, 0.0)	(-0.1, 0.1, 0.0)		(0.1, 0.9, 0.0)	(0.1, 0.5, 0.0)	(0.1, 0.1, 0.0)		(-0.1, 1.4, 0.0)	(0.1, 1.4, 0.0)	FACE NOT BEING TRACKED.
00:00:02.1136131	57977	(0.0, 1.0, 0.0)	(0.0, 1.1, 0.0)		(0.0, 1.5, 0.0)		(-0.2, 1.4, -0.1)	(-0.5, 1.4, -0.1)	(-0.7, 1.4, -0.1)				(0.2, 1.4, -0.1)	(0.5, 1.4, -0.1)	(0.7, 1.4, -0.1)				(-0.1, 0.9, 0.0)	(-0.1, 0.5, 0.0)	(-0.1, 0.1, 0.0)		(0.1, 0.9, 0.0)	(0.1, 0.5, 0.0)	(0.1, 0.1, 0.0)		(-0.1, 1.4, 0.0)	(0.1, 1.4, 0.0)	FACE NOT BEING TRACKED.
00:00:02.1544502	59227	(0.0, 1.0, 0.0)	(0.0, 1.1, 0.0)		(0.0, 1.5, 0.0)		(-0.2, 1.4, -0.1)	(-0.5, 1.4, -0.1)	(-0.7, 1.4, -0.1)				(0.2, 1.4, -0.1)	(0.5, 1.4, -0.1)	(0.7, 1.4, -0.1)				(-0.1, 0.9, 0.0)	(-0.1, 0.5, 0.0)	(-0.1, 0.1, 0.0)		(0.1, 0.9, 0.0)	(0.1, 0.5, 0.0)	(0.1, 0.1, 0.0)		(-0.1, 1.4, 0.0)	(0.1, 1.4, 0.0)	FACE NOT BEING TRACKED.
00:00:02.1746240	59862	(0.0, 1.0, 0.0)	(0.0, 1.1, 0.0)		(0.0, 1.5, 0.0)		(-0.2, 1.4, -0.1)	(-0.5, 1.4, -0.1)	(-0.7, 1.4, -0.1)				(0.2, 1.4, -0.1)	(0.5, 1.4, -0.1)	(0.7, 1.4, -0.1)				(-0.1, 0.9, 0.0)	(-0.1, 0.5, 0.0)	(-0.1, 0.1, 0.0)		(0.1, 0.9, 0.0)	(0.1, 0.5, 0.0)	(0.1, 0.1, 0.0)		(-0.1, 1.4, 0.0)	(0.1, 1.4, 0.0)	FACE NOT BEING TRACKED.
00:00:02.2138066	61103	(0.0, 1.0, 0.0)	(0.0, 1.1, 0.0)		(0.0, 1.5, 0.0)		(-0.2, 1.4, -0.1)	(-0.5, 1.4, -0.1)	(-0.7, 1.4, -0.1)				(0.2, 1.4, -0.1)	(0.5, 1.4, -0.1)	(0.7, 1.4, -0.1)				(-0.1, 0.9, 0.0)	(-0.1, 0.5, 0.0)	(-0.1, 0.1, 0.0)		(0.1, 0.9, 0.0)	(0.1, 0.5, 0.0)	(0.1, 0.1, 0.0)		(-0.1, 1.4, 0.0)	(0.1, 1.4, 0.0)	FACE NOT BEING TRACKED.
00:00:02.2528907	62353	(0.0, 1.0, 0.0)	(0.0, 1.1, 0.0)		(0.0, 1.5, 0.0)		(-0.2, 1.4, -0.1)	(-0.5, 1.4, -0.1)	(-0.7, 1.4, -0.1)				(0.2, 1.4, -0.1)	(0.5, 1.4, -0.1)	(0.7, 1.4, -0.1)				(-0.1, 0.9, 0.0)	(-0.1, 0.5, 0.0)	(-0.1, 0.1, 0.0)		(0.1, 0.9, 0.0)	(0.1, 0.5, 0.0)	(0.1, 0.1, 0.0)		(-0.1, 1.4, 0.0)	(0.1, 1.4, 0.0)	FACE NOT BEING TRACKED.
00:00:02.2728252	62978	(0.0, 1.0, 0.0)	(0.0, 1.1, 0.0)		(0.0, 1.5, 0.0)		(-0.2, 1.4, -0.1)	(-0.5, 1.4, -0.1)	(-0.7, 1.4, -0.1)				(0.2, 1.4, -0.1)	(0.5, 1.4, -0.1)	(0.7, 1.4, -0.1)				(-0.1, 0.9, 0.0)	(-0.1, 0.5, 0.0)	(-0.1, 0.1, 0.0)		(0.1, 0.9, 0.0)	(0.1, 0.5, 0.0)	(0.1, 0.1, 0.0)		(-0.1, 1.4, 0.0)	(0.1, 1.4, 0.0)	FACE NOT BEING TRACKED.
00:00:02.3126252	64229	(0.0, 1.0, 0.0)	(0.0, 1.1, 0.0)		(0.0, 1.5, 0.0)		(-0.2, 1.4, -0.1)	(-0.5, 1.4, -0.1)	(-0.7, 1.4, -0.1)				(0.2, 1.4, -0.1)	(0.5, 1.4, -0.1)	(0.7, 1.4, -0.1)				(-0.1, 0.9, 0.0)	(-0.1, 0.5, 0.0)	(-0.1, 0.1, 0.0)		(0.1, 0.9, 0.0)	(0.1, 0.5, 0.0)	(0.1, 0.1, 0.0)		(-0.1, 1.4, 0.0)	(0.1, 1.4, 0.0)	FACE NOT BEING TRACKED.
00:00:02.3529619	65479	(0.0, 1.0, 0.0)	(0.0, 1.1, 0.0)		(0.0, 1.5, 0.0)		(-0.2, 1.4, -0.1)	(-0.5, 1.4, -0.1)	(-0.7, 1.4, -0.1)				(0.2, 1.4, -0.1)	(0.5, 1.4, -0.1)	(0.7, 1.4, -0.1)				(-0.1, 0.9, 0.0)	(-0.1, 0.5, 0.0)	(-0.1, 0.1, 0.0)		(0.1, 0.9, 0.0)	(0.1, 0.5, 0.0)	(0.1, 0.1, 0.0)		(-0.1, 1.4, 0.0)	(0.1, 1.4, 0.0)	FACE NOT BEING TRACKED.
00:00:02.3723701	66104	(0.0, 1.0, 0.0)	(0.0, 1.1, 0.0)		(0.0, 1.5, 0.0)		(-0.2, 1.4, -0.1)	(-0.5, 1.4, -0.1)	(-0.7, 1.4, -0.1)				(0.2, 1.4, -0.1)	(0.5, 1.4, -0.1)	(0.7, 1.4, -0.1)				(-0.1, 0.9, 0.0)	(-0.1, 0.5, 0.0)	(-0.1, 0.1, 0.0)		(0.1, 0.9, 0.0)	(0.1, 0.5, 0.0)	(0.1, 0.1, 0.0)		(-0.1, 1.4, 0.0)	(0.1, 1.4, 0.0)	FACE NOT BEING TRACKED.
00:00:02.4128627	67354	(0.0, 1.0, 0.0)	(0.0, 1.1, 0.0)		(0.0, 1.5, 0.0)		(-0.2, 1.4, -0.1)	(-0.5, 1.4, -0.1)	(-0.7, 1.4, -0.1)				(0.2, 1.4, -0.1)	(0.5, 1.4, -0.1)	(0.7, 1.4, -0.1)				(-0.1, 0.9, 0.0)	(-0.1, 0.5, 0.0)	(-0.1, 0.1, 0.0)		(0.1, 0.9, 0.0)	(0.1, 0.5, 0.0)	(0.1, 0.1, 0.0)		(-0.1, 1.4, 0.0)	(0.1, 1.4, 0.0)	FACE NOT BEING TRACKED.
00:00:02.4526209	68605	(0.0, 1.0, 0.0)	(0.0, 1.1, 0.0)		(0.0, 1.5, 0.0)		(-0.2, 1.4, -0.1)	(-0.5, 1.4, -0.1)	(-0.7, 1.4, -0.1)				(0.2, 1.4, -0.1)	(0.5, 1.4, -0.1)	(0.7, 1.4, -0.1)				(-0.1, 0.9, 0.0)	(-0.1, 0.5, 0.0)	(-0.1, 0.1, 0.0)		(0.1, 0.9, 0.0)	(0.1, 0.5, 0.0)	(0.1, 0.1, 0.0)		(-0.1, 1.4, 0.0)	(0.1, 1.4, 0.0)	FACE NOT BEING TRACKED.
00:00:02.4729704	69230	(0.0, 1.0, 0.0)	(0.0, 1.1, 0.0)		(0.0, 1.5, 0.0)		(-0.2, 1.4, -0.1)	(-0.5, 1.4, -0.1)	(-0.7, 1.4, -0.1)				(0.2, 1.4, -0.1)	(0.5, 1.4, -0.1)	(0.7, 1.4, -0.1)				(-0.1, 0.9, 0.0)	(-0.1, 0.5, 0.0)	(-0.1, 0.1, 0.0)		(0.1, 0.9, 0.0)	(0.1, 0.5, 0.0)	(0.1, 0.1, 0.0)		(-0.1, 1.4, 0.0)	(0.1, 1.4, 0.0)	FACE NOT BEING TRACKED.
00:00:02.5126346	70480	(0.0, 1.0, 0.0)	(0.0, 1.1, 0.0)		(0.0, 1.5, 0.0)		(-0.2, 1.4, -0.1)	(-0.5, 1.4, -0.1)	(-0.7, 1.4, -0.1)				(0.2, 1.4, -0.1)	(0.5, 1.4, -0.1)	(0.7, 1.4, -0.1)				(-0.1, 0.9, 0.0)	(-0.1, 0.5, 0.0)	(-0.1, 0.1, 0.0)		(0.1, 0.9, 0.0)	(0.1, 0.5, 0.0)	(0.1, 0.1, 0.0)		(-0.1, 1.4, 0.0)	(0.1, 1.4, 0.0)	FACE NOT BEING TRACKED.
00:00:02.5521497	71731	(0.0, 1.0, 0.0)	(0.0, 1.1, 0.0)		(0.0, 1.5, 0.0)		(-0.2, 1.4, -0.1)	(-0.5, 1.4, -0.1)	(-0.7, 1.4, -0.1)				(0.2, 1.4, -0.1)	(0.5, 1.4, -0.1)	(0.7, 1.4, -0.1)				(-0.1, 0.9, 0.0)	(-0.1, 0.5, 0.0)	(-0.1, 0.1, 0.0)		(0.1, 0.9, 0.0)	(0.1, 0.5, 0.0)	(0.1, 0.1, 0.0)		(-0.1, 1.4, 0.0)	(0.1, 1.4, 0.0)	FACE NOT BEING TRACKED.
00:00:02.5713572	72358	(0.0, 1.0, 0.0)	(0.0, 1.1, 0.0)		(0.0, 1.5, 0.0)		(-0.2, 1.4, -0.1)	(-0.5, 1.4, -0.1)	(-0.7, 1.4, -0.1)				(0.2, 1.4, -0.1)	(0.5, 1.4, -0.1)	(0.7, 1.4, -0.1)				(-0.1, 0.9, 0.0)	(-0.1, 0.5, 0.0)	(-0.1, 0.1, 0.0)		(0.1, 0.9, 0.0)	(0.1, 0.5, 0.0)	(0.1, 0.1, 0.0)		(-0.1, 1.4, 0.0)	(0.1, 1.4, 0.0)	FACE NOT BEING TRACKED.
00:00:02.6118904	73608	(0.0, 1.0, 0.0)	(0.0, 1.1, 0.0)		(0.0, 1.5, 0.0)		(-0.2, 1.4, -0.1)	(-0.5, 1.4, -0.1)	(-0.7, 1.4, -0.1)				(0.2, 1.4, -0.1)	(0.5, 1.4, -0.1)	(0.7, 1.4, -0.1)				(-0.1, 0.9, 0.0)	(-0.1, 0.5, 0.0)	(-0.1, 0.1, 0.0)		(0.1, 0.9, 0.0)	(0.1, 0.5, 0.0)	(0.1, 0.1, 0.0)		(-0.1, 1.4, 0.0)	(0.1, 1.4, 0.0)	FACE NOT BEING TRACKED.
00:00:02.6520202	74856	(0.0, 1.0, 0.0)	(0.0, 1.1, 0.0)		(0.0, 1.5, 0.0)		(-0.2, 1.4, -0.1)	(-0.5, 1.4, -0.1)	(-0.7, 1.4, -0.1)				(0.2, 1.4, -0.1)	(0.5, 1.4, -0.1)	(0.7, 1.4, -0.1)				(-0.1, 0.9, 0.0)	(-0.1, 0.5, 0.0)	(-0.1, 0.1, 0.0)		(0.1, 0.9, 0.0)	(0.1, 0.5, 0.0)	(0.1, 0.1, 0.0)		(-0.1, 1.4, 0.0)	(0.1, 1.4, 0.0)	FACE NOT BEING TRACKED.
00:00:02.6720056	75494	(0.0, 1.0, 0.0)	(0.0, 1.1, 0.0)		(0.0, 1.5, 0.0)		(-0.2, 1.4, -0.1)	(-0.5, 1.4, -0.1)	(-0.7, 1.4, -0.1)				(0.2, 1.4, -0.1)	(0.5, 1.4, -0.1)	(0.7, 1.4, -0.1)				(-0.1, 0.9, 0.0)	(-0.1, 0.5, 0.0)	(-0.1, 0.1, 0.0)		(0.1, 0.9, 0.0)	(0.1, 0.5, 0.0)	(0.1, 0.1, 0.0)		(-0.1, 1.4, 0.0)	(0.1, 1.4, 0.0)	FACE NOT BEING TRACKED.
00:00:02.7119000	76751	(0.0, 1.0, 0.0)	(0.0, 1.1, 0.0)		(0.0, 1.5, 0.0)		(-0.2, 1.4, -0.1)	(-0.5, 1.4, -0.1)	(-0.7, 1.4, -0.1)				(0.2, 1.4, -0.1)	(0.5, 1.4, -0.1)	(0.7, 1.4, -0.1)				(-0.1, 0.9, 0.0)	(-0.1, 0.5, 0.0)	(-0.1, 0.1, 0.0)		(0.1, 0.9, 0.0)	(0.1, 0.5, 0.0)	(0.1, 0.1, 0.0)		(-0.1, 1.4, 0.0)	(0.1, 1.4, 0.0)	FACE NOT BEING TRACKED.
00:00:02.7509500	78004	(0.0, 1.0, 0.0)	(0.0, 1.1, 0.0)		(0.0, 1.5, 0.0)		(-0.2, 1.4, -0.1)	(-0.5, 1.4, -0.1)	(-0.7, 1.4, -0.1)				(0.2, 1.4, -0.1)	(0.5, 1.4, -0.1)	(0.7, 1.4, -0.1)	